Simar Singh,Laurence Kao
Saurabh Pandiar,Jaden Thom
Sahil Rajesh Aggarwal,Samuel Ha
Jack Chen,Uday Pratap Bharti
Kwun Ho So,Brendon Kwan
Simar Singh,Colt Love
Connor Nicholas Louie,Ayush Ayush
Ratnesh Rao Ippili,Andrew Meijer
Jalil Waiz,Roy Hung
Saurabh Pandiar,Sahil Rajesh Aggarwal
Jack Chen,Kwun Ho So
Saurabh Pandiar,Jack Chen
Simar Singh,Connor Nicholas Louie
Jalil Waiz,Ratnesh Rao Ippili
Simar Singh,Jalil Waiz
Jaden Thom,Roy Hung
Andrew Meijer,Ayush Ayush
Jaden Thom,Brendon Kwan
Andrew Meijer,Colt Love
Jaden Thom,Andrew Meijer
Saurabh Pandiar,Simar Singh